RowNumber,CustomerId,Surname,CreditScore,Geography,Gender,Age,Tenure,Balance,NumOfProducts,HasCrCard,IsActiveMember,EstimatedSalary,Exited
130,15591607,Fernie,770,France,Male,24,9,101827.07,1,1,0,167256.35,0
5502,15796496,Trevisani,631,France,Female,31,8,137687.72,1,1,0,190067.12,0
9779,15623143,Lung,732,France,Female,43,9,0.0,2,1,0,183147.17,0
6982,15770039,Kuo,572,Germany,Male,39,4,112290.22,1,1,0,49373.97,1
5311,15624744,Tai,622,Germany,Male,42,9,115766.26,1,0,0,72155.85,1
7879,15760456,Eberechukwu,731,France,Female,38,10,123711.73,2,1,0,171340.68,1
4472,15642824,Onyekaozulu,826,Spain,Female,56,8,174506.1,2,0,1,161802.82,1
4576,15756926,Atherton,833,Germany,Male,29,1,96462.25,2,0,1,48986.18,0
8532,15663987,Wright,723,Spain,Male,30,1,0.0,3,1,0,164647.72,1
2040,15595831,Shen,579,Germany,Female,64,6,145215.43,1,1,1,164083.72,0
3838,15662533,Porter,598,Spain,Female,23,6,0.0,2,1,0,153229.19,0
6049,15676433,Allan,707,France,Female,36,6,0.0,1,0,0,98810.78,0
2122,15583576,Tai,671,France,Male,30,2,0.0,1,0,1,102057.86,0
1892,15574783,Perkins,584,France,Female,37,1,0.0,2,1,1,180363.56,0
9824,15622658,Lai,551,France,Female,26,2,144258.52,1,1,0,49778.79,0
5915,15726058,Cattaneo,754,Germany,Male,27,7,117578.35,2,0,1,87908.01,0
3722,15758362,Williamson,731,France,Female,41,9,152243.57,1,1,1,88783.59,0
999,15659557,Artamonova,811,Germany,Female,28,4,167738.82,2,1,1,9903.42,0
6802,15776947,Ugorji,637,Spain,Male,43,8,0.0,1,1,0,12156.93,1
1830,15605275,Ofodile,725,Germany,Male,45,8,116917.07,1,0,0,173464.43,1
7464,15667934,Moretti,512,France,Male,36,0,129804.17,1,1,0,53020.9,0
8547,15686957,Piccio,553,Germany,Male,35,2,158584.28,2,1,0,43640.16,0
9142,15756277,Wilson,850,Germany,Female,43,8,92244.83,2,1,0,54949.73,0
9809,15581115,Middleton,603,France,Female,39,9,76769.68,1,0,0,48224.72,0
2455,15636089,Hs?,678,Germany,Female,51,1,145751.03,1,0,0,109718.44,1
6812,15771222,Oguejiofor,779,France,Female,42,5,0.0,2,0,0,25951.91,0
5020,15584113,Pratt,823,Germany,Female,53,4,124954.94,1,0,1,131259.6,1
2938,15782806,Watson,718,Spain,Male,28,6,0.0,2,1,0,146875.86,0
2882,15570943,Artemyeva,711,Germany,Female,35,2,133607.75,1,1,1,120586.32,0
5130,15764432,Hicks,588,Germany,Female,42,2,164307.77,1,1,0,48498.19,0
6127,15790935,Johnson,535,France,Female,29,5,0.0,2,0,1,52709.55,0
9127,15666095,Costa,753,Spain,Male,51,4,79811.72,2,0,1,68260.27,1
5021,15669589,Page,491,Germany,Female,68,1,95039.12,1,0,1,116471.14,1
2821,15813916,Kudryashova,622,France,Female,31,1,89688.94,1,1,1,152305.47,0
320,15626114,Pearson,429,France,Male,24,4,95741.75,1,1,0,46170.75,0
8394,15752507,K?,769,Germany,Male,60,9,148846.39,1,1,0,192831.67,1
2772,15715465,Aksenova,714,Germany,Male,28,7,77776.39,1,1,0,177737.07,0
4672,15808674,Ejikemeifeuwa,616,Germany,Female,45,6,128352.59,3,1,1,144000.59,1
3972,15790809,Lo Duca,685,Spain,Male,40,7,74896.92,1,1,0,198694.2,0
1007,15739189,Johnson,561,Spain,Female,33,6,0.0,2,1,0,45261.47,0
7656,15594651,Milani,748,France,Male,38,4,115221.36,1,0,1,70956.75,0
5473,15804201,Jones,457,Germany,Male,42,4,126772.57,1,0,1,126106.4,0
6583,15785975,Mason,525,Spain,Female,60,7,0.0,2,0,1,168034.9,0
1361,15694409,Tsao,647,Germany,Female,22,3,97975.82,2,0,1,62083.0,0
5626,15663234,Bishop,508,France,Female,60,7,143262.04,1,1,1,129562.74,0
9093,15736250,Johnstone,781,France,Male,38,2,117810.79,1,0,1,65632.33,1
5236,15608528,Munro,645,France,Female,68,9,0.0,4,1,1,176353.87,1
7518,15771409,McGregor,586,France,Male,58,7,151933.63,1,1,0,162960.05,1
6483,15628292,Lucchesi,850,France,Male,32,4,156001.68,2,1,1,151677.31,0
4915,15679062,Morrison,734,Germany,Female,47,10,91522.04,2,1,1,138835.91,0
4917,15613816,Mao,539,Spain,Female,39,6,62052.28,1,0,1,59755.14,0
7840,15606003,Abramowitz,566,France,Female,21,3,0.0,2,1,1,3626.47,0
4455,15641312,Paterson,615,France,Male,36,6,0.0,1,1,1,27011.8,1
3262,15768293,Sun,614,France,Male,51,3,0.0,2,1,1,5552.37,0
9528,15682868,Elliott,850,France,Female,40,9,99816.46,1,1,1,163989.66,1
9879,15770041,Manna,728,Spain,Female,43,8,128412.61,1,0,1,139024.31,0
5813,15587835,Osinachi,850,France,Male,41,3,136416.82,1,0,1,57844.26,0
3516,15665340,Trevisano,584,Spain,Female,37,8,0.0,2,0,1,100835.19,0
3611,15711716,Ferguson,580,France,Female,56,1,131368.3,1,1,0,106918.67,1
3285,15724150,Nkemdirim,814,France,Male,48,9,136596.85,1,1,1,185791.9,0
2465,15725818,Chibuzo,583,Germany,Male,40,4,107041.3,1,1,1,5635.63,0
1335,15664772,Greece,489,Germany,Male,28,1,79460.98,2,1,1,167973.63,0
6803,15700656,Balashova,662,France,Male,32,9,0.0,2,0,0,65089.38,0
2364,15644005,Holman,571,France,Female,33,9,0.0,2,0,1,77519.62,0
8833,15765345,Wood,753,France,Male,35,4,0.0,2,1,1,106303.4,0
6939,15698324,Azikiwe,725,France,Female,33,4,0.0,1,1,1,67879.8,0
935,15790299,Williamson,592,Spain,Male,37,9,0.0,3,1,1,10656.89,0
9729,15764916,Rowley,616,Germany,Female,43,7,95984.21,1,0,1,115262.54,1
3932,15774133,Cox,706,France,Female,35,8,178032.53,1,0,1,42181.68,0
4903,15634491,Kung,652,France,Male,30,2,176166.56,2,1,1,152210.81,0
3963,15600911,Mbadiwe,712,France,Male,33,2,182888.08,1,1,0,3061.0,0
3924,15595047,Murray,764,France,Male,41,7,0.0,2,0,0,134878.34,0
215,15785542,Kornilova,572,Germany,Male,26,4,118287.01,2,0,0,60427.3,0
8660,15770631,Sutherland,730,Spain,Male,25,5,167385.81,1,1,1,56307.51,0
562,15800440,Power,650,Spain,Male,61,1,152968.73,1,0,1,82970.69,0
4938,15625632,Philip,577,France,Male,36,3,121092.47,2,0,1,143783.46,0
3271,15629885,Wilson,850,France,Female,33,7,118004.26,1,1,0,183983.82,0
6372,15656627,Lin,602,France,Male,34,5,0.0,2,1,1,77414.45,0
1978,15585901,Johnson,717,Spain,Male,35,1,0.0,3,0,0,174770.14,1
5901,15569759,Rawling,583,France,Female,27,4,0.0,3,1,0,163113.41,0
6020,15697045,Pisani,726,Spain,Female,35,9,0.0,2,0,1,100556.98,0
1514,15729040,Lamb,440,France,Male,42,2,0.0,2,1,0,49826.68,0
6909,15610653,Belov,733,Spain,Female,38,5,0.0,2,1,1,1271.51,0
5587,15699446,Hobbs,816,Germany,Female,25,2,150355.35,2,1,1,35770.84,0
5553,15651315,Dilke,627,France,Male,41,3,0.0,2,1,0,132719.8,0
2039,15710743,Onwuamaeze,621,France,Male,47,0,0.0,1,1,1,133831.37,1
8265,15710111,Clark,742,France,Male,33,6,0.0,2,0,0,38550.4,0
5110,15576156,Abazu,710,Spain,Female,28,6,0.0,1,1,0,48426.98,0
9052,15569624,Feng,671,Germany,Female,31,6,105864.6,2,1,0,145567.34,0
9223,15620750,Sugden,559,France,Male,28,3,141099.43,1,1,1,15607.27,0
4954,15684516,Plascencia,629,Spain,Male,34,1,121151.05,1,0,0,119357.93,0
1551,15599552,Conway,639,Spain,Female,54,2,0.0,2,1,1,53843.71,0
388,15776433,Greco,730,Spain,Male,62,2,0.0,2,1,1,186489.95,0
9603,15603135,Boni,634,Germany,Female,59,3,95727.05,1,0,0,97939.4,1
2161,15586821,Bellew,727,France,Male,28,5,0.0,2,0,1,19653.08,0
6310,15785342,Shipp,705,France,Male,25,9,0.0,2,0,1,112331.19,0
9752,15789339,Yen,681,France,Male,59,4,122781.51,1,0,1,140166.95,0
928,15633461,Pai,639,Germany,Male,38,5,130170.82,1,1,1,149599.62,0
8085,15736146,Afamefula,608,Germany,Male,28,4,96679.71,1,1,1,49133.45,0
1321,15596493,Wisdom,687,France,Female,47,7,0.0,2,1,1,177624.01,0
1295,15584363,Longstaff,824,France,Male,30,0,133634.02,1,1,1,162053.92,0
1976,15591386,Golubova,622,France,Female,35,5,0.0,2,1,0,51112.8,0
404,15732674,Fennell,443,Spain,Male,36,6,70438.01,2,0,1,56937.43,0
6725,15756625,Crawford,752,France,Female,41,8,0.0,2,1,0,139844.04,1
606,15814035,Lawrence,601,France,Male,29,9,0.0,1,1,1,80393.27,0
418,15695632,Dellucci,556,France,Female,39,9,89588.35,1,1,1,94898.1,0
7873,15717736,Shen,639,Germany,Female,46,10,110031.09,2,1,1,133995.59,0
5551,15777784,Tu,733,France,Female,44,6,168165.84,1,0,1,197193.49,0
6258,15617301,Chamberlin,774,Germany,Male,36,9,130809.77,1,1,0,152290.28,0
1194,15779947,Thomas,363,Spain,Female,28,6,146098.43,3,1,0,100615.14,1
4610,15794895,McKay,581,Spain,Male,34,1,0.0,2,0,1,81175.25,0
8318,15670163,Verjus,666,France,Female,27,4,0.0,2,0,0,88751.45,0
7502,15605341,Baird,681,France,Female,58,8,93173.88,1,1,1,139761.25,0
6516,15810898,Pan,803,France,Female,65,2,151659.52,2,0,1,6930.17,0
8105,15805413,Chiang,769,France,Female,31,6,117852.26,2,1,0,147668.64,0
2453,15578825,Golubev,734,France,Female,29,0,139994.66,1,1,0,17744.72,0
1891,15796969,Lahti,731,France,Male,33,4,0.0,2,1,1,74945.11,0
3769,15685920,Lombardo,599,Spain,Male,34,2,101506.66,1,0,0,198030.24,0
1365,15719958,Degtyarev,850,Germany,Male,39,3,124548.99,2,1,1,120380.12,0
7259,15747757,Trevascus,600,Germany,Female,58,8,118723.11,1,0,0,6209.51,1
6313,15648136,Green,658,Germany,Female,28,9,152812.58,1,1,0,166682.57,0
9217,15701364,Doherty,724,France,Male,30,10,0.0,2,1,1,54265.55,0
1994,15787189,Tai,824,Germany,Male,60,8,134250.17,3,0,0,153046.16,1
2158,15750649,Uwakwe,744,France,Female,44,3,0.0,2,1,1,189016.14,0
30,15656300,Lucciano,411,France,Male,29,0,59697.17,2,1,1,53483.21,0
2275,15808044,Ts'ui,580,France,Female,65,9,106804.26,3,1,0,107890.69,1
121,15682472,Culbreth,828,France,Male,34,8,129433.34,2,0,0,38131.77,0
9409,15767818,Graham,640,France,Male,55,10,132436.34,1,1,0,978.66,0
755,15685997,Azubuike,838,Spain,Female,39,5,166733.92,2,1,0,14279.44,0
9954,15655952,Burke,550,France,Male,47,2,0.0,2,1,1,97057.28,0
6880,15772618,Tyler,665,France,Male,25,7,90920.75,1,0,1,112256.57,0
4307,15727059,Lettiere,476,France,Female,40,4,0.0,2,0,0,182547.04,0
1634,15755868,Farmer,562,France,Male,35,7,0.0,1,0,0,48869.67,0
24,15725737,Mosman,669,France,Male,46,3,0.0,2,0,1,8487.75,0
8627,15672447,Bailey,657,Germany,Male,40,7,99165.84,1,0,1,119333.95,1
8675,15719426,Cole,529,France,Male,67,8,103101.56,2,1,1,154002.02,1
2702,15797010,Shen,649,France,Female,31,2,0.0,2,1,0,15200.61,0
8008,15791513,Manfrin,647,France,Male,41,4,138937.35,1,1,1,101617.64,1
6244,15748752,Ch'in,608,Germany,Male,33,1,102772.67,2,1,0,70705.58,0
8194,15671165,Esomchi,592,France,Female,66,5,149950.19,1,1,1,76267.59,0
862,15809100,Nucci,548,France,Female,32,2,172448.77,1,1,0,188083.77,1
8980,15742511,Gordon,514,France,Male,35,3,121030.9,1,1,0,10008.68,0
9793,15787168,Y?,819,Spain,Female,28,8,168253.21,1,1,1,102799.14,0
1770,15684267,Davila,607,Germany,Male,39,2,84468.67,2,1,1,121945.42,0
7280,15810485,Sun,486,Germany,Male,37,1,101438.0,1,0,0,51364.56,0
6335,15611329,Findlay,608,Spain,Female,35,6,0.0,2,1,1,143463.28,0
684,15786905,Russo,749,Germany,Female,40,8,141782.57,2,0,0,86333.63,0
9414,15737732,Onwuemelie,751,France,Female,44,10,0.0,2,1,0,170634.49,0
2061,15747980,Cattaneo,737,Spain,Male,38,6,146282.79,2,1,0,198516.2,0
4212,15615207,Yeh,792,Spain,Male,47,0,0.0,1,1,1,5557.88,1
9645,15728480,Iloerika,452,France,Female,35,8,0.0,2,1,1,149614.81,0
8261,15627830,Nikitina,640,Germany,Female,30,5,32197.64,1,0,1,141446.01,0
9448,15810390,Amadi,718,France,Female,41,1,0.0,2,0,1,27509.52,1
9930,15696388,Artamonova,755,Germany,Male,38,4,111096.91,1,1,1,19762.88,0
4411,15691871,Millar,503,Germany,Male,42,9,153279.39,1,1,1,151336.96,0
9931,15713604,Rossi,425,Germany,Male,40,9,166776.6,2,0,1,172646.88,0
1268,15781586,Osonduagwuike,837,Germany,Male,38,2,126732.85,1,1,1,79577.38,0
2989,15684801,Abbott,689,France,Male,47,1,93871.95,3,1,0,156878.42,1
1505,15791302,Swift,741,France,Male,32,8,0.0,2,1,0,143598.7,0
6208,15665811,Parry,644,France,Male,33,9,141234.98,1,1,0,95673.05,0
7411,15752344,She,714,Spain,Male,34,5,0.0,2,1,0,193040.32,0
6163,15627385,Uwaezuoke,748,France,Male,34,5,84009.47,1,1,1,137001.1,0
1758,15704763,Kozlova,523,Germany,Female,39,1,143903.11,1,1,1,118711.75,1
1427,15710206,Larson,591,France,Female,39,4,150500.64,1,1,0,14928.8,0
8158,15798834,Yefremov,719,Spain,Female,32,7,0.0,1,0,0,76264.27,0
9825,15658980,Matthews,711,Germany,Male,26,9,128793.63,1,1,0,19262.05,0
5246,15588517,Sun,717,France,Male,38,7,0.0,2,1,1,158580.05,0
1375,15774738,Campa,632,France,Male,44,3,107764.75,1,1,0,185667.72,0
2283,15642787,Ijendu,572,France,Male,37,1,133043.66,1,0,0,111243.09,0
2565,15672144,Mao,667,France,Female,38,6,144432.04,1,1,1,73963.17,1
8480,15807568,Wright,632,France,Male,50,2,0.0,2,0,0,57942.88,0
2223,15763662,Longo,711,Germany,Male,43,2,39043.29,2,1,1,175423.69,0
7618,15678779,Quezada,502,France,Male,33,7,0.0,2,0,1,4082.52,0
5345,15566269,Chialuka,787,France,Male,25,5,0.0,2,1,0,47307.9,0
2256,15681506,Lane,478,Spain,Male,43,1,0.0,2,1,1,197916.43,0
9770,15703707,Atkins,656,France,Male,44,10,143571.52,1,0,0,127444.14,0
6348,15754820,Bergamaschi,637,Germany,Male,35,8,147127.81,2,1,1,84760.7,0
8386,15649297,T'ang,605,France,Female,62,4,111065.93,2,0,1,125660.99,0
401,15690452,Tung,605,France,Male,52,1,63349.75,1,1,0,108887.44,0
2940,15591915,Frolov,533,France,Female,39,2,0.0,1,0,1,73669.94,1
4764,15696564,Nweke,752,France,Male,38,0,145974.79,2,1,1,137694.23,0
4226,15671804,Wilding,648,Spain,Male,36,8,146943.38,2,1,1,130041.45,0
7607,15571571,Ting,680,Germany,Female,31,3,127331.46,3,1,1,176433.6,0
3964,15629603,Chuang,607,France,Male,31,8,0.0,2,1,1,43196.5,0
3601,15573599,Adamson,506,France,Female,57,6,0.0,2,0,1,194421.12,1
9634,15668057,K?,669,France,Female,31,6,113000.66,1,1,0,40467.82,0
6131,15651144,Yao,632,Germany,Female,35,2,150561.03,2,0,0,64722.61,0
5167,15694644,Wood,455,Spain,Female,43,6,0.0,1,1,1,81250.79,0
9837,15777958,Ch'ien,587,France,Male,39,10,0.0,2,1,1,170409.45,0
1519,15634375,Duncan,710,Spain,Female,36,8,0.0,2,0,0,83206.19,0
8677,15576124,Muravyova,582,France,Male,41,1,40488.76,1,1,0,128528.83,0
4171,15605665,Nwora,673,Germany,Female,69,3,78833.15,2,1,1,37196.15,0
6642,15591942,Zito,611,Spain,Female,33,7,0.0,2,1,1,3729.89,0
9660,15751926,Trentino,821,Germany,Male,42,3,87807.29,2,1,1,64613.81,0
9580,15640407,Chidiegwu,821,Germany,Male,45,0,135827.33,2,1,1,131778.58,0
7418,15736533,Monaldo,730,Germany,Female,37,5,124053.03,1,1,0,118591.67,0
3712,15729489,Hyde,762,Germany,Female,34,8,98592.88,1,0,1,191790.29,1
4548,15672152,Grant,850,Germany,Male,37,9,122506.38,1,0,1,199693.84,1
3997,15718789,Brigstocke,604,France,Male,30,5,0.0,2,1,0,75786.55,0
3446,15784097,Gibson,660,Germany,Male,28,1,118402.25,2,1,0,14288.93,0
7947,15790448,Calabresi,473,France,Female,35,6,69617.36,1,1,0,143345.69,0
9814,15691170,Vasilyeva,590,Spain,Female,29,10,99250.08,1,1,1,129629.41,0
7266,15692718,Jackson,738,France,Female,38,7,0.0,2,0,0,69227.42,0
1457,15789546,Ojiofor,639,Spain,Male,28,8,0.0,2,1,0,126561.07,0
8133,15607485,Wakelin,692,Spain,Female,29,4,0.0,2,0,0,138880.24,0
5003,15737556,Vasilyev,590,France,Male,43,7,81076.8,2,1,1,182627.25,1
9439,15641175,Munro,701,Germany,Male,63,3,120916.52,3,0,0,144727.45,1
2516,15744327,Ruth,564,France,Male,40,4,0.0,1,1,0,85455.62,1
1276,15683195,Ubanwa,719,France,Male,32,9,146605.27,1,1,1,77119.45,0
9294,15571917,Eluemuno,771,Germany,Female,38,5,137657.71,2,1,0,72985.61,0
5168,15587174,Kerr,726,France,Male,29,7,0.0,2,1,1,91844.14,1
8206,15800793,St Clair,477,Germany,Female,39,4,182491.57,1,1,0,185830.72,0
5576,15782879,Lang,656,France,Male,40,2,0.0,2,1,1,180553.48,0
2114,15686255,Mouzon,738,Germany,Male,35,6,101744.84,1,0,0,85185.44,0
8339,15792453,More,602,Spain,Female,42,1,138912.17,1,1,1,139494.75,0
3331,15657439,Chao,738,France,Male,18,4,0.0,2,1,1,47799.15,0
3142,15769596,Yen,710,Germany,Female,24,2,110407.44,2,0,0,15832.43,1
3451,15661936,Chikelu,513,France,Male,40,3,141004.46,1,1,0,105028.46,0
9107,15663650,Russell,698,Germany,Male,52,10,107304.39,3,1,0,28806.32,1
8418,15689288,Folliero,630,France,Female,26,5,0.0,2,1,0,182612.38,0
9773,15750549,Akobundu,660,Germany,Male,30,1,84440.1,2,1,1,60485.98,0
6521,15694143,Conti,686,France,Female,41,10,0.0,1,1,0,133086.45,0
2480,15657139,Otutodilinna,652,France,Female,40,8,84390.8,2,0,1,107876.2,0
8889,15637788,Schmidt,743,France,Male,23,3,110203.77,1,1,0,95583.45,0
6308,15598510,Colombo,583,Germany,Male,27,4,105907.42,2,1,1,195732.04,0
100,15633059,Fanucci,413,France,Male,34,9,0.0,2,0,0,6534.18,0
5714,15643439,Ferguson,537,France,Male,47,10,0.0,2,0,1,25482.62,0
7703,15719931,Johnstone,850,France,Male,31,8,0.0,2,1,0,178667.7,0
2113,15631201,Hill,472,Spain,Female,28,4,0.0,2,1,0,1801.77,0
6970,15687413,Sunderland,619,Spain,Female,38,6,0.0,2,1,1,117616.29,0
9992,15769959,Ajuluchukwu,597,France,Female,53,4,88381.21,1,1,0,69384.71,1
5944,15658813,Siciliani,645,France,Female,55,7,0.0,2,1,1,18369.33,0
6167,15567431,Kodilinyechukwu,773,France,Male,64,2,145578.28,1,0,1,186172.85,0
541,15667896,De Luca,833,France,Male,37,8,151226.18,2,1,1,136129.49,0
9579,15810891,Lorenzo,662,France,Male,34,2,117731.79,2,0,1,55120.79,0
3961,15616811,MacDonald,535,France,Male,47,0,160729.1,1,0,1,145986.35,0
6468,15641782,Humphries,540,France,Female,31,7,0.0,1,0,1,183051.6,1
8856,15689953,Toscani,697,Spain,Male,43,10,128226.37,1,0,0,188486.94,0
8673,15586848,Rose,706,France,Male,38,1,0.0,2,1,0,122379.54,0
3197,15675791,Williams,610,France,Male,36,4,129440.3,2,1,0,102638.35,0
9574,15796834,Rivers,652,Germany,Male,35,7,104015.54,2,1,1,55207.88,0
6376,15708534,Afamefuna,524,Spain,Female,64,5,0.0,1,1,0,136079.64,1
4677,15610271,Andreev,684,Spain,Female,42,3,103210.27,1,1,0,31002.03,0
5560,15729557,Olisaemeka,850,Germany,Male,36,5,119984.07,1,1,0,191535.11,1
1323,15598846,Shahan,700,France,Female,44,2,58781.76,1,1,0,16874.92,0
3108,15697424,Ku,597,Spain,Female,30,2,119370.11,1,1,1,182726.22,1
2268,15666823,Nebechi,425,France,Male,39,4,0.0,2,1,0,197226.32,0
6179,15746986,Howe,850,Germany,Female,40,4,97990.49,2,0,0,106691.02,0
2967,15577178,Genovese,511,France,Male,45,5,68375.27,1,1,0,193160.25,1
1149,15616529,Hsieh,613,Spain,Male,34,3,0.0,1,1,1,41724.72,0
1619,15662955,Nicholls,697,France,Male,27,8,141223.68,2,1,0,90591.15,0
9647,15603111,Muir,850,Spain,Male,71,10,69608.14,1,1,0,97893.4,1
9186,15715078,Nkemakolam,584,France,Male,35,6,161613.94,2,1,1,148238.16,0
9326,15786389,Chuang,635,Spain,Female,41,10,0.0,2,1,1,61994.2,0
2264,15594685,Hall,757,France,Female,49,2,0.0,2,0,0,164482.92,0
8557,15575445,Ferguson,629,Spain,Male,41,10,150148.51,1,0,0,6936.27,0
7302,15702149,Fomin,767,Germany,Female,33,1,144753.21,1,1,1,132480.75,0
8407,15578747,Chineze,701,Spain,Male,26,5,83600.24,1,0,1,59195.05,0
5353,15675749,Baranov,695,France,Female,23,1,0.0,2,1,1,141756.32,0
7105,15590434,Alexander,577,Spain,Male,41,4,89015.61,1,0,1,135227.23,0
1337,15682563,Larionova,618,Spain,Male,38,5,126473.99,1,1,0,91972.49,0
3667,15725068,Quinn,701,Spain,Female,21,9,0.0,2,1,1,26327.42,0
3739,15813697,Onyekaozulu,498,Germany,Female,44,2,120702.67,2,1,1,98175.74,0
4980,15792250,Nnabuife,616,Germany,Female,45,4,122793.96,1,1,1,62002.04,0
9686,15644280,Udegbunam,593,France,Male,45,4,138825.19,1,0,0,10828.78,0
4871,15573888,Ponomaryov,648,Germany,Female,43,1,107963.38,1,0,0,186438.86,1
1230,15607598,Muravyov,575,Spain,Female,31,6,0.0,2,1,1,95686.42,0
5513,15653784,Solomina,627,France,Male,37,2,125190.86,1,0,1,84584.69,0
1704,15750466,Rhodes,790,Germany,Male,42,1,85839.62,1,1,0,198182.73,0
6829,15806134,Storey,707,Germany,Male,34,9,162691.16,2,1,0,94912.78,0
7227,15614813,Cocci,777,Germany,Female,46,0,107362.8,1,1,0,487.3,0
8126,15666982,Spears,629,Germany,Female,38,9,123948.85,1,1,0,76053.07,0
6247,15771442,Pennington,633,France,Male,40,4,150578.0,1,0,1,34670.62,1
3398,15691624,Chidiebere,820,France,Male,33,2,132150.26,2,1,0,23067.97,0
8663,15637599,Cremonesi,510,Germany,Female,44,4,123070.89,1,1,0,28461.29,1
234,15723886,Fiore,767,Germany,Male,20,3,119714.25,2,0,1,150135.38,0
4111,15801630,Yen,558,France,Male,40,6,0.0,2,1,0,173844.89,0
7025,15714087,McGill,624,Germany,Female,45,5,151855.33,1,1,0,68794.15,0
1362,15754068,Judd,578,France,Male,32,4,0.0,2,1,1,141822.8,0
5670,15706706,Chinwendu,648,Germany,Male,33,7,135310.41,2,0,1,171668.2,0
5377,15602500,Maslova,850,Spain,Male,38,1,146343.98,1,0,1,103902.11,0
3126,15685346,Chu,736,Spain,Female,26,4,135889.13,1,1,1,165692.03,0
5484,15666032,Mancini,568,Spain,Male,28,1,127289.28,1,0,0,45611.51,0
2149,15811842,Artemyeva,630,Spain,Male,26,7,0.0,2,1,1,6656.64,0
7223,15694237,McEwan,744,Spain,Male,39,4,95161.75,1,1,0,19409.77,0
8019,15616676,Donnelly,632,Germany,Male,23,3,122478.51,1,1,0,147230.77,1
4711,15685653,Benson,585,Germany,Female,40,3,162261.01,2,1,0,137028.51,0
7047,15737627,Rivero,589,Germany,Female,20,2,121093.29,2,1,0,3529.72,0
6477,15701412,T'ien,739,France,Male,40,4,0.0,2,0,0,173321.65,0
5373,15688973,Vinogradova,598,Spain,Female,39,5,0.0,2,1,1,83103.46,0
4404,15616859,Bonwick,602,Germany,Female,43,2,113641.49,4,1,0,115116.35,1
59,15623944,T'ien,511,Spain,Female,66,4,0.0,1,1,0,1643.11,1
26,15738191,Maclean,577,France,Male,25,3,0.0,2,0,1,124508.29,0
8850,15721433,Hixson,664,France,Female,38,4,74306.19,2,1,0,154395.56,0
6694,15665784,She,637,France,Male,27,9,128940.24,1,1,0,46786.92,0
5939,15679668,Yao,850,Spain,Male,38,7,115378.94,1,0,1,162087.82,0
3490,15809817,Ch'en,593,Spain,Male,43,10,0.0,2,0,0,53478.02,0
3966,15775892,Caldwell,748,Spain,Female,23,8,85600.08,1,0,0,134077.71,0
2293,15779064,Chidiegwu,677,France,Male,27,2,0.0,2,1,1,20092.89,0
3360,15747878,Aiken,739,Spain,Male,60,4,0.0,1,1,1,51637.67,0
2156,15725997,She,660,France,Female,35,6,100768.77,1,1,0,19199.61,0
8390,15715345,Sergeyeva,743,Spain,Male,25,6,0.0,2,1,0,129740.11,0
3260,15778830,Dellucci,841,France,Male,31,2,0.0,2,1,0,173240.52,0
8238,15737275,Conti,649,France,Male,39,3,113096.41,1,1,1,60335.24,0
9741,15572021,Ts'ao,798,Germany,Female,29,8,80204.11,2,1,0,70223.22,0
190,15587421,Tsai,687,Germany,Female,34,7,111388.18,2,1,0,148564.76,0
9211,15792650,Watts,382,Spain,Male,36,0,0.0,1,1,1,179540.73,1
892,15780140,Bellucci,435,Germany,Male,32,2,57017.06,2,1,1,5907.11,0
6855,15754574,Tomlinson,738,Spain,Male,36,5,0.0,2,1,1,96881.32,0
1968,15598088,Ni,559,Spain,Male,25,5,0.0,2,1,1,163221.22,0
3742,15635396,Thompson,738,Germany,Female,29,9,139106.19,1,1,0,141872.05,1
4676,15602405,Ryrie,703,Germany,Female,38,9,99167.54,1,1,0,65720.92,0
8941,15658148,Udokamma,657,France,Male,38,7,0.0,2,1,0,185827.74,0
5460,15617507,Wilson,530,Spain,Female,36,7,0.0,2,1,0,80619.09,0
648,15805112,Pokrovsky,578,France,Male,38,7,82259.29,1,1,0,8996.97,0
4994,15728912,Swanson,554,France,Female,44,6,92436.86,1,1,0,126033.9,0
5880,15705301,Parkes,683,France,Male,41,6,95696.52,2,1,1,184366.14,0
8042,15701439,Fanucci,698,Spain,Female,50,1,0.0,4,1,0,88566.9,1
5352,15679048,Koger,558,Germany,Male,41,2,124227.14,1,1,1,111184.67,0
628,15605447,Palermo,752,France,Male,49,2,78653.84,1,1,0,7698.6,0
700,15736534,Elkins,742,Germany,Male,33,0,181656.51,1,1,1,107667.91,0
5465,15795540,Reye,556,France,Female,36,2,134208.22,1,0,1,177670.57,0
685,15747867,Trevisani,583,France,Male,24,9,135125.28,1,0,0,89801.9,0
1305,15749004,Tsao,718,France,Female,31,0,118100.59,2,1,0,103165.15,0
5606,15730272,Evseev,619,France,Male,58,5,152199.33,1,1,1,86022.09,0
2294,15801265,Tang,689,Spain,Female,45,0,57784.22,1,1,0,197804.0,1
8166,15813503,Pickering,606,Spain,Male,37,8,154712.58,2,1,0,89099.18,0
8263,15772503,Burns,737,France,Female,33,4,0.0,2,1,0,115115.32,0
619,15594594,Loggia,546,Spain,Male,42,7,139070.51,1,1,1,86945.0,0
3033,15800061,Moretti,495,Spain,Female,45,3,89158.94,3,1,0,135169.76,1
7307,15807546,Chinwendu,837,France,Female,38,2,0.0,2,1,1,46395.21,0
3278,15749381,Yu,790,France,Female,41,2,126619.27,1,1,0,198224.38,0
5488,15799790,Carter,763,France,Male,35,9,0.0,1,1,1,31372.91,0
6565,15737104,Lawson,652,Germany,Female,47,0,126597.89,2,1,1,38798.79,1
4795,15575498,Gould,705,France,Female,39,5,149379.66,2,1,0,96075.55,0
4771,15761506,Russell,615,Spain,Male,19,5,0.0,2,1,0,159920.92,0
8795,15578671,Webb,706,Spain,Female,29,1,209490.21,1,1,1,133267.69,1
7098,15664793,Scott,754,Spain,Female,50,7,146777.44,2,0,1,150685.52,0
4959,15594502,Zotov,655,France,Male,37,6,109093.41,2,1,0,1775.52,0
5404,15733169,Craig,590,Spain,Male,22,7,125265.61,1,1,1,161253.08,0
658,15698474,Sagese,601,Germany,Female,54,1,131039.97,2,1,1,199661.5,0
5446,15779174,Young,451,France,Female,36,2,0.0,2,1,1,180142.42,0
1980,15635597,Echezonachukwu,644,France,Male,33,8,0.0,2,1,1,155294.17,0
5447,15785547,Slye,665,France,Male,28,8,191402.82,2,1,0,83238.4,0
4638,15639590,Melendez,758,France,Female,30,3,141581.08,1,1,0,156249.06,0
3192,15760570,Stephenson,590,France,Male,32,5,0.0,2,1,0,59249.83,0
2427,15759038,Whitehead,793,France,Female,41,3,141806.46,1,1,0,102921.17,0
4283,15602994,Gorbunov,487,France,Female,53,10,89550.85,1,0,1,90076.85,0
641,15784844,K'ung,752,Spain,Male,48,5,116060.08,1,1,0,156618.38,1
1597,15765520,Stevenson,769,Germany,Male,27,7,188614.07,1,1,0,171344.09,0
4512,15568006,Ukaegbunam,634,France,Female,45,2,0.0,4,1,0,101039.53,1
4655,15593976,Swanson,578,Germany,Female,31,5,102088.68,4,0,0,187866.21,1
5712,15730345,Miah,617,France,Female,35,2,104508.1,1,1,1,147636.46,0
925,15658485,Heath,785,France,Female,34,9,70302.48,1,1,1,68600.36,0
5156,15656426,Tyler,713,France,Female,42,3,0.0,2,0,0,82565.01,0
6399,15591822,Mackenzie,593,Spain,Male,26,9,76226.9,1,1,0,167564.82,0
2374,15671789,Woods,616,France,Male,31,3,94263.91,2,1,0,168895.06,0
9266,15667438,Ferguson,675,France,Female,38,1,104016.88,1,0,0,22068.83,1
1900,15806880,Boyle,627,Spain,Female,30,6,0.0,1,1,1,113408.47,0
888,15625021,Hung,585,France,Male,42,2,0.0,2,1,1,18657.77,0
8204,15588566,Wilkinson,778,Spain,Male,33,5,116474.28,2,1,1,32757.55,0
1781,15601008,Stevenson,802,France,Male,33,8,0.0,2,1,0,143706.18,0
8994,15809265,Kao,547,France,Female,35,4,0.0,1,1,1,133287.73,0
7050,15597709,Hornung,602,France,Female,39,6,154121.32,2,1,0,176614.86,1
9524,15790322,Beneventi,660,France,Female,32,0,114668.89,1,1,0,84605.0,0
5559,15645355,Macleod,677,Germany,Male,34,3,126729.41,1,1,1,26106.39,1
5757,15706217,Kao,645,Germany,Male,28,7,117466.03,2,1,1,34490.06,0
4386,15605375,Tseng,651,France,Male,35,2,86911.8,1,1,0,174094.24,0
8054,15800524,Nnanna,686,Germany,Male,29,3,185379.02,1,1,0,64679.07,0
4163,15673584,Bell,652,France,Female,74,5,0.0,2,1,1,937.15,0
9765,15569526,Morales,601,France,Male,40,10,98627.13,2,0,0,77977.69,0
9654,15735799,Maconochie,527,Germany,Male,58,3,137318.42,1,1,1,126144.96,0
2703,15670172,Padovesi,622,France,Female,30,4,107879.04,1,0,1,196894.62,0
8101,15631217,Young,663,France,Male,40,6,156218.19,1,0,1,33607.72,0
4789,15674932,Cameron,757,Spain,Female,44,9,0.0,2,1,0,177528.92,0
4359,15759751,Tsui,483,France,Male,48,1,0.0,2,1,1,110059.38,0
2781,15790235,Hsing,778,Spain,Male,40,8,104291.41,2,1,1,117507.11,0
2015,15679024,Udinesi,553,France,Male,32,3,116324.53,1,1,0,77304.49,0
2071,15750684,Jibunoh,719,France,Female,42,4,0.0,1,1,0,28465.86,1
2302,15757577,Odili,676,France,Female,61,8,0.0,2,1,1,118522.73,0
3565,15803121,Chia,847,France,Male,51,5,97565.74,1,0,0,144184.06,1
9620,15779973,Gibbons,684,Germany,Male,35,3,99967.76,1,1,1,176882.08,0
1668,15718247,Hayden,606,Spain,Female,46,8,0.0,2,1,1,183717.94,0
420,15615624,De Salis,605,France,Female,28,6,0.0,2,0,0,159508.52,0
5045,15789498,Miller,562,France,Male,30,3,111099.79,2,0,0,140650.19,0
9031,15799635,Arbour,577,Spain,Male,51,2,108867.0,1,0,0,140800.66,1
9921,15673020,Smith,678,France,Female,49,3,204510.94,1,0,1,738.88,1
2219,15752488,Emery,733,Spain,Female,31,9,102289.85,1,1,1,115441.66,0
1746,15772995,Ts'ao,529,France,Male,30,2,116295.29,1,1,0,75285.47,0
6232,15729238,Peng,631,Germany,Male,48,1,106396.48,1,1,1,150661.42,1
5038,15814923,Sullivan,606,Spain,Male,38,7,128578.52,1,1,1,193878.51,0
8402,15663134,Uspenskaya,535,Spain,Male,58,1,0.0,2,1,1,11779.98,1
2064,15571305,Stephenson,588,Germany,Female,35,1,103060.63,1,1,0,179866.01,1
3824,15585823,Wilson,627,France,Male,31,8,128131.73,1,1,0,96131.47,0
78,15662085,Read,678,France,Female,32,9,0.0,1,1,1,148210.64,0
689,15802741,Mitchel,625,France,Female,51,7,136294.97,1,1,0,38867.46,1
335,15742668,Day,626,Spain,Female,37,6,108269.37,1,1,0,5597.94,0
9906,15784124,Emenike,645,Germany,Male,41,2,93925.3,1,1,0,123982.14,1
9997,15569892,Johnstone,516,France,Male,35,10,57369.61,1,1,1,101699.77,0
7712,15763029,Ch'iu,612,Germany,Male,46,9,161450.03,1,1,1,96961.0,1
4899,15722122,Findlay,544,France,Female,40,7,0.0,1,0,1,161076.92,0
3183,15638646,Lucchese,669,France,Female,43,1,160474.59,1,1,1,95963.14,0
9450,15615444,Y?an,663,Germany,Male,28,8,123674.28,2,1,1,87985.2,0
9028,15686718,Hung,802,Germany,Male,37,9,115569.21,1,0,1,119782.89,0
8665,15666332,Donaldson,690,Spain,Female,48,2,0.0,2,1,1,3149.1,0
5002,15649354,Johnston,754,Spain,Male,35,4,0.0,2,1,1,9658.41,0
7110,15688210,Sims,670,France,Female,39,8,101928.51,1,0,0,89205.54,0
7883,15732061,Liu,850,Germany,Female,45,1,121874.89,1,0,0,6865.41,1
1945,15687310,Humphries,783,Spain,Male,39,9,0.0,2,1,0,143752.77,0
1897,15604588,Li Fonti,850,Spain,Female,38,3,0.0,2,0,1,179360.76,0
4191,15659568,Atkinson,850,Spain,Female,31,3,121237.65,1,1,1,31022.56,0
3665,15794137,Nevzorova,751,Germany,Female,37,0,151218.98,1,1,1,109309.29,0
3289,15807837,Mazzanti,640,France,Female,30,6,107499.7,1,1,1,187632.22,0
4569,15672875,Piccio,584,Germany,Male,32,8,40172.91,1,1,1,137439.34,0
8676,15639265,Isaacs,714,France,Male,54,7,126113.28,1,1,0,112777.38,0
2199,15573876,Chia,473,Spain,Male,48,8,0.0,2,1,0,71139.8,0
5672,15805104,Smith,743,France,Female,73,6,0.0,2,0,1,107867.38,0
3621,15763806,Astorga,773,France,Male,41,4,0.0,2,1,1,24924.92,0
6171,15611157,McElhone,709,France,Female,32,2,87814.89,1,1,0,138578.37,0
3702,15678317,Manfrin,603,France,Male,46,2,0.0,2,1,1,59563.49,0
8260,15703199,Golibe,619,Spain,Male,38,3,96143.47,1,0,0,98994.92,0
922,15743411,Chiawuotu,609,Spain,Male,61,1,0.0,1,1,0,22447.85,1
1405,15797276,Sturt,662,Spain,Female,41,4,90350.77,1,1,0,75884.65,1
468,15593782,Brookes,816,Germany,Female,38,5,130878.75,3,1,0,71905.77,1
1292,15679611,Andrews,734,Spain,Female,37,2,130404.92,1,0,0,34548.74,0
6322,15689096,Beneventi,590,France,Male,47,0,117879.32,1,1,1,8214.46,0
1487,15626710,Yudina,642,France,Female,39,4,0.0,1,1,1,76821.24,0
3453,15722965,Yefimova,757,France,Male,57,3,89079.41,1,1,1,53179.21,1
6,15574012,Chu,645,Spain,Male,44,8,113755.78,2,1,0,149756.71,1
2438,15768387,Nott,581,France,Male,41,8,0.0,2,0,0,29737.14,0
9657,15603221,Burgess,696,Germany,Male,32,4,84421.62,1,0,1,52314.71,0
1793,15746451,Barry,686,Spain,Male,41,7,102749.72,1,0,1,194913.86,0
7754,15777616,Pisani,605,Germany,Male,28,10,113690.83,1,1,0,33114.24,0
4247,15777504,Colbert,617,France,Female,30,8,0.0,1,1,1,92621.9,0
6760,15660878,T'ien,705,France,Male,92,1,126076.24,2,1,1,34436.83,0
6126,15687913,Mai,501,Germany,Female,34,7,93244.42,1,0,1,199805.63,0
6889,15727539,Schoenheimer,618,France,Female,31,4,0.0,2,1,0,29176.04,0
4253,15787830,Bailey,452,Germany,Male,33,7,153663.27,1,1,0,111868.23,0
9856,15797502,Lord,706,Spain,Male,24,2,141078.57,1,1,1,24402.87,0
4974,15596962,Owens,617,France,Female,24,4,137295.19,2,1,1,91195.12,0
9209,15744717,Duffy,726,France,Female,44,2,0.0,2,1,1,26733.86,0
4631,15684958,Amadi,489,Germany,Male,38,2,126444.08,2,1,1,82662.73,0
1191,15636935,Rischbieth,797,France,Female,29,1,0.0,2,1,1,132975.39,0
83,15641732,Mills,543,France,Female,36,3,0.0,2,0,0,26019.59,0
3348,15694510,Ifeanyichukwu,725,France,Male,45,1,129855.32,1,0,0,24218.65,0
896,15697000,Mello,728,Germany,Male,32,5,61825.5,1,1,1,156124.93,0
6621,15751297,Wilson,732,France,Male,36,5,0.0,2,1,0,161428.25,0
6288,15668289,McWilliams,690,Spain,Male,32,2,76087.98,1,0,1,151822.66,0
2152,15588614,Walton,753,France,Male,57,7,0.0,1,1,0,159475.08,1
600,15714939,Fallaci,484,Germany,Female,34,4,148249.54,1,0,1,33738.27,0
812,15649992,Alexander,681,Spain,Male,65,7,134714.7,2,0,1,190419.81,0
9638,15803654,Wei,790,France,Female,31,2,151290.16,1,1,1,172437.12,0
2927,15744529,Chiekwugo,510,France,Male,63,8,0.0,2,1,1,115291.86,0
6489,15598097,Johnstone,550,France,Male,44,9,0.0,2,1,0,26257.01,0
3715,15815428,Biryukova,823,France,Male,34,3,105057.33,1,1,0,9217.92,0
3639,15684367,Chigbogu,555,Spain,Male,27,5,0.0,2,0,0,96398.51,0
9964,15814664,Scott,740,Germany,Male,33,2,126524.11,1,1,0,136869.31,0
336,15697441,Hsueh,485,France,Male,29,7,182123.79,1,1,0,116828.51,1
6065,15680399,Tung,772,France,Male,23,2,0.0,2,1,0,18364.19,0
9327,15601787,Greco,641,Germany,Male,35,2,103711.56,1,0,1,192464.21,1
4905,15678720,Evans,741,France,Female,44,7,0.0,2,1,1,190534.76,0
1092,15784092,Henderson,732,France,Male,36,7,126195.81,1,1,1,133172.48,0
9353,15610090,Han,667,France,Male,40,8,72945.29,2,1,0,98931.5,0
6240,15682369,Pisano,613,France,Male,47,6,146034.74,1,1,1,77146.14,0
3865,15808960,Alleyne,620,Germany,Male,40,5,108197.11,2,1,0,49722.34,0
1506,15798975,Doherty,606,Germany,Male,48,4,132403.56,1,0,0,36091.91,1
3518,15757821,Burgess,771,Spain,Male,18,1,0.0,2,0,0,41542.95,0
855,15601589,Baresi,675,France,Female,57,8,0.0,2,0,1,95463.29,0
2400,15672516,Wall,541,Germany,Male,51,7,90373.28,2,1,0,179861.79,0
6456,15701522,Yermolayeva,711,France,Female,29,9,0.0,2,0,1,3234.8,0
5132,15707479,Fan,664,France,Male,40,7,125608.72,1,1,0,122073.48,0
7578,15581700,Paterson,615,Germany,Male,43,3,86920.86,1,1,1,150048.37,0
7454,15702571,Wright,778,Germany,Female,35,1,151958.19,3,1,1,131238.37,1
3117,15666675,Hsieh,753,France,Female,39,7,155062.8,1,1,1,16460.77,0
2237,15712849,Tung,632,Germany,Male,41,3,126550.7,1,0,0,177644.52,1
101,15808582,Fu,665,France,Female,40,6,0.0,1,1,1,161848.03,0
493,15624170,Tan,639,France,Female,38,4,81550.94,2,0,1,118974.77,0
7594,15588019,Li Fonti,418,France,Male,28,7,98738.92,1,1,0,122190.22,0
6620,15586517,Toscano,647,France,Male,32,5,97041.16,1,1,1,23132.73,0
8807,15598940,Achebe,681,Germany,Male,38,6,181804.34,2,1,1,57517.71,0
3093,15689751,Jones,666,France,Female,31,2,79589.43,1,0,0,4050.57,0
7954,15608209,Currey,622,Germany,Male,33,3,96926.12,2,1,0,48553.77,0
2357,15614934,McEwan,625,Germany,Female,37,4,142711.81,1,1,0,35625.41,0
2502,15753370,McDonald,691,Germany,Female,38,5,114753.76,1,1,0,107665.02,0
7222,15690492,Palermo,625,France,Male,41,6,97663.16,2,1,0,57128.78,0
4459,15585839,Niu,633,France,Male,37,2,0.0,2,1,0,182258.17,0
2853,15771483,Arnold,609,France,Male,40,6,0.0,2,1,1,97416.34,0
4165,15706170,Onyemere,636,France,Male,34,1,84055.43,1,0,0,37490.84,0
2110,15589224,Moore,596,Spain,Male,41,5,0.0,2,0,1,141053.85,0
9469,15638047,Chia,613,Germany,Female,45,9,142765.24,2,1,0,34749.65,0
9348,15802809,Vidal,660,Spain,Female,36,0,84438.57,1,1,1,181449.51,0
4240,15756481,Garcia,636,France,Female,39,3,118336.14,1,1,0,184691.77,0
592,15604044,Mitchell,700,France,Male,38,8,134811.3,1,1,0,1299.75,0
5857,15750671,Egobudike,512,Spain,Male,31,6,0.0,2,1,0,168462.26,0
8945,15752312,Howells,551,Spain,Male,49,1,150777.72,2,1,1,135757.27,0
4036,15792607,Little,769,France,Female,38,2,0.0,2,0,0,75578.67,0
4133,15737571,Matveyev,540,Spain,Female,28,6,84121.04,1,0,1,80698.54,0
2643,15581548,Kaodilinakachukwu,637,Spain,Female,22,5,98800.0,1,1,0,122865.55,0
6444,15764927,Rogova,753,France,Male,92,3,121513.31,1,0,1,195563.99,0
6686,15606861,Tien,636,France,Male,34,8,0.0,2,1,0,38570.13,0
1733,15680727,Fang,735,France,Male,49,5,121973.28,1,1,0,148804.36,0
8111,15751524,Chigozie,677,Germany,Female,36,10,68806.84,1,1,0,33075.24,0
1179,15782454,Hancock,552,France,Male,49,4,0.0,1,1,1,190296.76,1
6544,15796218,Wei,814,Germany,Male,29,1,131968.57,2,1,1,147693.92,0
6323,15684294,Chidumaga,735,France,Male,50,2,0.0,2,0,1,147075.69,0
5797,15674254,Kerr,554,Spain,Female,45,4,0.0,2,1,1,193412.05,0
5160,15651103,Sal,762,Spain,Female,69,9,183744.98,1,1,1,196993.69,0
3392,15780411,Norris,570,France,Female,46,3,0.0,2,0,0,820.46,0
5400,15628904,Bowen,733,Spain,Male,35,8,102918.38,1,1,1,45959.86,0
6408,15657829,Fanucci,806,Germany,Male,30,8,168078.83,1,1,0,85028.36,1
7075,15752139,Salter,682,Germany,Male,36,5,72373.62,2,1,0,36895.99,0
1338,15650889,Golubev,710,Germany,Female,30,10,133537.1,2,1,0,155593.74,0
1687,15570205,Tao,682,Spain,Male,36,5,0.0,2,1,1,147758.51,0
4248,15677906,Owens,637,Spain,Female,54,5,0.0,1,0,1,150836.98,0
8127,15602647,Cunningham,729,Germany,Male,39,6,127415.85,1,1,1,184977.2,1
5188,15682421,Talbot,683,France,Female,30,2,0.0,2,0,1,100496.84,1
6830,15601351,Moroney,735,France,Male,43,9,127806.91,1,1,1,73069.59,0
8779,15761606,Law,617,Spain,Female,37,9,101707.8,1,1,0,123866.28,0
295,15785819,Shao,681,France,Male,38,3,0.0,2,1,1,112491.96,0
286,15626144,Chu,675,France,Male,40,7,113208.86,2,1,0,34577.36,0
9572,15716085,Norris,739,Spain,Female,41,8,0.0,1,1,0,191694.77,1
9502,15634146,Hou,835,Germany,Male,18,2,142872.36,1,1,1,117632.63,0
4140,15599090,McKelvey,564,Germany,Male,40,7,108407.34,1,1,1,83681.2,0
3703,15698335,Bergamaschi,504,France,Female,73,8,0.0,1,1,1,34595.58,0
2189,15799211,Anenechi,708,Spain,Female,32,8,187487.63,1,1,1,120115.5,0
7907,15712960,Olisanugo,613,Spain,Male,37,3,171653.17,1,0,1,5353.12,0
7785,15756299,Davis,741,France,Female,64,2,69311.16,1,1,1,59237.72,0
7815,15598338,Mays,647,Germany,Female,33,3,168560.46,2,0,0,90270.16,0
3795,15621409,Endrizzi,496,France,Male,32,4,127845.83,1,1,0,66469.2,0
4919,15796074,Bruno,717,France,Female,36,2,99472.76,2,1,0,94274.72,1
7256,15632503,Meng,563,France,Female,32,0,148326.09,1,1,0,191604.27,1
1650,15569423,Cunningham,731,Spain,Male,41,4,0.0,2,1,0,22299.27,0
6595,15808544,Cameron,747,France,Female,40,3,0.0,1,0,0,57817.84,1
3443,15784130,He,850,Germany,Female,30,8,154870.28,1,1,1,54191.38,0
2545,15709487,Freeman,668,Germany,Male,34,5,80242.37,2,0,0,56780.97,0
861,15807663,McGregor,667,France,Male,43,8,190227.46,1,1,0,97508.04,1
2440,15586976,Alexeeva,566,France,Female,42,6,0.0,1,1,0,180702.12,1
5570,15701524,Ting,709,France,Male,36,0,0.0,2,1,0,46811.77,0
4157,15599452,Conti,605,Germany,Female,43,8,125338.8,2,1,0,23970.13,0
89,15622897,Sharpe,646,France,Female,46,4,0.0,3,1,0,93251.42,1
3510,15729958,Wilkinson,777,France,Male,37,1,0.0,1,1,1,126837.72,0
230,15605461,Lucas,594,Germany,Female,29,3,130830.22,1,1,0,61048.53,0
3010,15660200,Mai,551,France,Male,31,1,0.0,2,1,1,185105.44,0
7289,15672637,Voronkov,571,France,Female,30,4,85755.86,1,1,0,145115.95,0
9154,15636977,Trevisan,507,Germany,Male,36,9,118214.32,3,1,0,119110.03,1
3843,15717185,Udinese,711,France,Male,28,8,0.0,2,1,1,64286.39,0
2764,15654495,Potter,706,Germany,Female,47,6,120621.89,1,1,1,140803.7,0
1775,15802256,Yao,439,France,Male,28,7,110976.23,2,1,0,138526.96,0
688,15579334,Watkins,769,Germany,Female,45,5,126674.81,1,1,0,124118.71,1
5875,15693902,Hunt,597,France,Male,19,2,0.0,2,1,1,91036.74,0
4950,15786717,He,567,France,Male,36,1,0.0,2,0,0,8555.73,0
4301,15633834,Milne,700,Germany,Female,28,3,99705.69,2,0,0,146723.72,0
8408,15675626,Dawson,726,France,Male,28,2,0.0,1,0,0,98060.51,0
1173,15697789,Li Fonti,647,Germany,Female,43,3,122717.53,2,1,1,87000.39,0
852,15794048,Wan,667,Germany,Female,48,1,97133.92,2,0,0,113316.77,1
5418,15662245,Pomeroy,588,France,Male,32,1,0.0,2,1,1,8763.87,0
3817,15602554,Vorobyova,664,France,Female,31,9,114519.57,2,0,1,79222.02,0
5165,15624323,Atkins,642,France,Male,36,4,0.0,2,1,1,195224.91,0
7683,15805261,Balashov,700,Spain,Male,29,8,0.0,2,0,1,152097.02,0
2087,15578908,Todd,725,Spain,Female,32,0,0.0,2,1,1,138525.19,0
9653,15726720,Blinova,480,France,Female,40,7,0.0,1,1,0,170332.67,1
5080,15692406,Gow,427,France,Male,37,5,0.0,2,1,1,121485.1,0
8490,15686538,Nixon,522,France,Female,41,7,0.0,2,0,1,176780.39,0
6660,15584749,Humphries,668,Germany,Male,39,4,79896.0,1,1,0,38466.39,0
313,15674398,Russo,642,France,Male,38,3,0.0,2,0,0,171463.83,0
7584,15643574,Odinakachukwu,682,France,Male,26,8,0.0,2,1,0,178373.43,0
8323,15584899,Siciliani,617,France,Female,35,5,0.0,2,0,1,13066.3,0
17,15737452,Romeo,653,Germany,Male,58,1,132602.88,1,1,0,5097.67,1
8564,15728838,Leach,578,France,Male,45,1,148600.91,1,1,0,143397.14,1
2081,15813412,Barlow,721,France,Female,55,3,44020.89,1,1,0,65864.4,1
1392,15787835,Simpson,775,Germany,Female,38,4,125212.65,2,1,1,15795.88,1
3372,15625175,Palerma,742,Germany,Female,43,6,97067.69,1,0,1,60920.03,1
9362,15641773,Browne,580,Germany,Male,45,2,179334.83,2,1,1,169303.65,0
1705,15739054,Y?,654,France,Female,29,4,96974.97,1,0,1,141404.07,0
5580,15578073,Barker,686,Spain,Male,22,8,0.0,2,0,0,142331.85,0
1509,15701200,Lucciano,576,France,Male,36,6,0.0,2,1,1,48314.0,0
5300,15792989,Bianchi,543,France,Female,71,1,104308.77,1,1,1,25650.04,0
3352,15792729,Holland,474,Germany,Female,34,9,176311.36,1,1,0,160213.27,0
8991,15729065,Mackay,784,Germany,Male,28,2,109960.06,2,1,1,170829.87,0
8277,15775131,Bartlett,580,Spain,Male,32,9,142188.2,2,0,1,128028.6,0
4475,15719827,O'Donnell,767,France,Male,36,3,0.0,1,0,0,65147.27,0
8594,15722037,Alvarez,610,Germany,Male,36,7,115462.02,1,0,1,42581.04,0
73,15812518,Palermo,657,Spain,Female,37,0,163607.18,1,0,1,44203.55,0
7322,15689268,Fitzpatrick,584,France,Male,36,9,0.0,1,1,1,105818.51,0
4838,15708256,Chien,803,France,Male,28,3,0.0,2,1,0,159654.0,0
241,15812009,Grant,662,Spain,Male,38,4,0.0,2,1,0,136259.65,0
3186,15761950,Woronoff,652,Germany,Female,45,9,110827.49,1,1,1,153383.54,1
7613,15599535,Howell,678,Spain,Male,28,5,138668.18,1,1,1,54144.01,0
574,15607312,Ch'ang,648,Spain,Female,49,10,0.0,2,1,1,159835.78,1
1804,15707078,Kruglov,577,France,Female,26,1,180530.51,1,0,0,123454.62,0
1403,15613282,Vorobyova,757,France,Male,29,8,130306.49,1,1,0,77469.38,0
3587,15652626,Grave,826,France,Male,55,4,115285.85,1,1,0,140126.17,0
7274,15671582,John,660,Spain,Male,38,6,109869.32,1,1,1,154641.91,0
734,15744607,Martin,738,Germany,Male,43,9,121152.05,2,1,0,64166.7,1
3720,15577999,Sleeman,850,France,Female,62,1,124678.35,1,1,0,70916.0,1
8137,15757425,Fleming,716,France,Female,38,1,0.0,2,1,1,99661.46,0
2893,15701291,Chidubem,601,France,Male,44,3,0.0,2,1,0,30607.11,0
1868,15740164,Genovesi,715,France,Female,33,3,85227.84,1,1,1,68087.15,0
4186,15642570,Scott,675,Spain,Male,35,8,0.0,2,1,0,29062.25,0
6410,15690695,Flynn,683,France,Female,33,9,0.0,2,1,1,38784.42,0
170,15611325,Wood,682,Germany,Male,24,9,57929.81,2,0,0,53134.3,0
962,15582797,Ch'iu,685,Spain,Male,35,4,137948.51,1,1,0,113639.64,0
8722,15689671,Packham,775,Spain,Male,27,4,0.0,1,1,1,40807.26,0
4633,15740557,Fedorova,753,France,Female,43,5,0.0,2,1,0,109881.71,0
1428,15799966,Chigolum,792,Germany,Female,59,9,101609.77,1,0,0,161479.19,1
6576,15651883,Genovesi,794,Germany,Female,55,6,115796.7,1,1,0,160526.36,1
7568,15750545,Chidiebere,629,France,Male,44,5,0.0,4,0,0,117572.59,1
673,15721024,Wickens,642,France,Male,26,0,0.0,1,0,0,47472.68,0
1495,15808189,Woodard,449,France,Male,52,6,0.0,2,0,1,123622.0,0
5111,15646756,Murphy,682,France,Female,33,8,74963.5,1,1,1,32770.56,0
1579,15585047,Onyemere,715,France,Male,28,7,160376.61,1,0,0,196853.11,0
1867,15632575,Moore,559,France,Female,70,9,0.0,1,1,1,122996.76,0
847,15608968,Averyanov,714,Germany,Male,21,6,86402.52,2,0,0,27330.59,0
1023,15765014,Mai,547,France,Female,48,1,179380.74,2,0,1,69263.1,0
2971,15595228,Wanliss,815,France,Male,45,7,0.0,1,0,1,52885.23,1
8818,15570485,Udegbunam,558,Spain,Male,40,4,161766.87,1,0,0,92378.54,0
929,15677135,Lorenzo,520,Germany,Male,61,8,133802.29,2,1,1,90304.01,0
4382,15680370,DeRose,492,France,Male,39,7,0.0,2,0,1,71323.23,0
8359,15717286,Sal,675,Spain,Female,40,8,79035.95,1,1,0,142783.98,1
3845,15568915,Bailey,681,France,Male,38,6,153722.47,1,1,0,101319.76,0
2590,15701096,De Garis,778,France,Male,44,8,123863.64,1,1,0,144494.94,0
5531,15736043,Hamilton,638,France,Male,34,6,114543.27,1,1,1,97755.29,0
6384,15812040,Lorenzo,594,France,Male,36,6,153880.15,1,0,0,135431.72,0
805,15640280,Cameron,850,France,Male,39,4,127771.35,2,0,1,151738.54,0
2847,15674950,Ebelechukwu,544,Germany,Male,39,4,142406.43,2,1,0,146637.45,0
6336,15740428,Wyatt,507,France,Female,35,1,0.0,2,0,0,92131.54,0
6380,15770543,Lowe,679,France,Male,37,7,74260.03,1,1,0,194617.98,0
7788,15675963,Padovano,627,France,Female,57,9,0.0,2,1,1,107712.42,0
9405,15792232,Moss,595,Spain,Female,43,5,0.0,2,0,0,105149.8,0
7997,15709639,Wilson,717,France,Female,22,5,112465.06,1,1,1,92977.75,0
9124,15679029,Kung,718,France,Male,33,7,102874.28,1,0,0,117841.06,0
5684,15651664,Wilder,615,France,Female,61,1,104267.7,1,1,0,62845.64,1
9038,15792862,Blinova,653,Germany,Male,41,1,104584.11,1,1,0,15126.32,1
4554,15763613,Barlow,581,France,Male,30,1,0.0,2,1,0,199464.08,0
4875,15764537,Dominguez,703,France,Male,43,8,0.0,2,1,0,9704.66,0
5010,15805769,O'Loughlin,656,Spain,Male,33,4,0.0,2,1,0,116706.0,0
4497,15626948,Butcher,701,France,Female,42,6,86167.82,1,1,0,153342.38,0
8202,15614936,Mancini,718,Spain,Female,49,10,82321.88,1,0,1,11144.4,0
88,15625759,Rowley,729,France,Male,30,9,0.0,2,1,0,151869.35,0
2680,15725698,Panicucci,520,Spain,Female,35,4,115680.81,1,1,1,90280.7,0
1602,15594404,Bevan,834,France,Female,49,8,160602.25,2,1,0,129273.94,0
111,15803526,Eremenko,685,Germany,Male,30,3,90536.81,1,0,1,63082.88,0
7895,15718281,Muir,706,Germany,Male,67,1,123276.69,2,1,1,86507.88,1
6720,15776629,Christie,650,France,Female,39,4,0.0,2,0,0,186275.7,0
6640,15583076,Deleon,588,Germany,Male,41,6,106116.56,2,1,0,198766.61,0
5568,15787222,Ch'in,676,Germany,Male,28,1,69459.05,2,1,1,128461.29,0
8727,15570289,Benson,697,Germany,Male,43,8,103409.16,1,1,0,66893.28,1
5425,15566253,Manning,580,Germany,Male,44,9,143391.07,1,0,0,146891.07,1
7035,15767264,Lawson,465,Germany,Male,53,1,117438.17,1,0,0,74898.8,1
3413,15782802,Beneventi,582,Germany,Male,26,6,114450.32,1,1,1,14081.64,0
4969,15572158,Blackburn,604,Spain,Male,41,3,0.0,1,0,0,11819.84,0
6850,15775678,Uspensky,716,France,Female,44,1,0.0,1,1,1,152108.47,0
1771,15689980,Willis,725,Spain,Female,36,4,118520.26,1,0,0,131173.9,1
4892,15676958,Zito,765,Germany,Male,34,5,86055.17,2,1,1,104220.5,0
7194,15797246,Terry,621,Germany,Female,34,2,91258.52,2,1,0,44857.4,0
512,15761043,Macleod,632,Germany,Female,38,6,86569.76,2,1,0,98090.91,0
638,15583725,Mairinger,682,France,Male,48,1,138778.15,1,0,1,168840.23,0
4622,15698664,Liang,567,Spain,Male,43,2,115643.58,2,0,0,174606.35,0
8,15656148,Obinna,376,Germany,Female,29,4,115046.74,4,1,0,119346.88,1
7054,15815271,Ritchie,755,Germany,Male,43,6,165048.5,3,1,0,16929.41,1
9455,15739248,Lin,727,France,Male,52,4,0.0,2,1,1,118429.02,0
9430,15577913,Oliver,651,France,Female,32,8,144581.96,1,1,1,87609.5,0
679,15810978,Pugliesi,788,Spain,Female,70,1,0.0,2,1,1,41610.62,0
8435,15755330,Forbes,512,Germany,Male,41,7,122403.24,1,0,1,37439.9,1
789,15600739,Galkin,562,Spain,Female,35,0,0.0,2,1,0,119899.52,0
7548,15617991,Andrews,555,France,Male,29,4,128744.04,1,1,1,47454.93,0
9929,15686219,Wan,611,France,Male,38,4,71018.6,2,1,0,2444.29,0
3744,15678944,Brown,655,Germany,Female,32,6,130935.56,1,1,0,9241.83,1
3268,15624755,Pepper,707,Germany,Female,40,3,109628.44,1,1,0,189366.03,0
4310,15654000,Algarin,705,France,Female,35,5,0.0,1,1,0,133991.11,1
6257,15611186,Yevdokimova,609,France,Male,37,1,39344.83,1,1,1,178291.89,1
8723,15718667,T'ien,621,France,Male,35,7,87619.29,1,1,0,143.34,0
5800,15649853,Craig,625,France,Female,45,3,0.0,1,1,1,184474.15,1
974,15779711,Gray,750,Spain,Female,38,7,97257.41,2,0,1,179883.04,0
1243,15813132,Chukwukadibia,696,Germany,Male,30,4,114027.7,1,1,1,193716.56,0
2257,15630551,Forbes,696,France,Male,33,2,163139.27,1,1,1,7035.36,0
199,15656176,Jenkins,501,France,Male,57,10,0.0,2,1,1,47847.19,0
3104,15766609,Jowers,655,France,Female,47,10,0.0,2,1,0,167778.62,0
1389,15775295,McIntyre,630,France,Female,40,0,118633.08,1,0,1,60032.46,1
9344,15798749,Davidson,845,Germany,Female,43,3,152063.59,2,1,0,97910.06,0
7243,15701687,Campbell,664,Spain,Male,44,7,77526.66,3,0,0,57338.56,1
2782,15641416,Shaffer,732,Germany,Female,61,9,94867.18,2,1,1,157527.6,1
5809,15694556,Nkemakolam,684,France,Male,60,2,116563.58,1,1,0,120257.7,1
4125,15608406,Schmidt,678,France,Male,26,5,111128.04,1,1,0,60941.27,1
3482,15644686,Kennedy,729,Spain,Female,34,9,53299.96,2,1,1,42855.97,0
3135,15660541,Olisanugo,694,France,Male,34,5,127900.03,1,1,0,101737.8,0
8266,15618562,Woodward,618,Germany,Female,40,0,140306.38,1,1,0,160618.61,1
397,15584766,Knight,557,France,Male,33,3,54503.55,1,1,1,371.05,0
8509,15616833,Wang,678,Spain,Male,27,2,0.0,2,1,1,13221.25,0
715,15807609,Yuan,650,Spain,Female,25,3,86605.5,3,1,0,16649.31,1
2981,15709476,Kenyon,850,Spain,Female,41,3,99945.93,2,1,0,71179.31,0
279,15683562,Allen,646,France,Male,35,6,84026.86,1,0,1,164255.69,0
8375,15646720,Tsui,628,Spain,Female,55,7,0.0,3,1,0,85890.75,1
8200,15798532,Crawford,810,France,Male,32,9,120879.73,2,0,1,78896.59,0
299,15650068,Johnson,511,France,Male,58,0,149117.31,1,1,1,162599.51,0
6539,15604093,Neitenstein,546,France,Male,34,4,165363.31,2,1,1,25744.13,1
3129,15794253,Marsh,832,Spain,Female,34,6,138190.13,2,0,1,146511.2,0
7199,15773934,Fang,670,France,Male,33,6,88294.6,1,1,0,66979.06,0
681,15780804,Nucci,482,France,Male,55,5,97318.25,1,0,1,78416.14,0
2937,15671766,Enyinnaya,599,France,Male,44,10,118577.24,1,1,1,31448.52,0
3858,15805025,Oster,636,France,Female,45,7,139859.23,1,1,1,108402.54,0
5986,15702145,Edments,705,Spain,Male,33,7,68423.89,1,1,1,64872.55,0
7416,15635598,Hsieh,812,France,Male,29,6,0.0,2,0,0,168023.6,0
239,15794056,Johnston,668,France,Female,46,2,0.0,3,1,0,89048.46,1
3763,15643042,Han,590,Germany,Female,40,2,117641.43,2,0,0,92198.05,0
613,15619857,Crawford,605,France,Female,64,2,129555.7,1,1,1,13601.79,0
4579,15801821,Cookson,691,France,Male,38,1,0.0,2,0,0,44653.5,0
50,15771873,Buccho,776,Germany,Female,37,2,103769.22,2,1,0,194099.12,0
6268,15689328,Harrison,705,Germany,Male,48,9,114169.16,1,0,0,173273.2,1
9331,15780256,Palfreyman,630,France,Male,34,9,0.0,2,1,1,114006.35,0
2750,15671124,Buccho,599,France,Male,25,6,120383.41,1,1,1,24903.09,0
377,15583456,Gardiner,745,Germany,Male,45,10,117231.63,3,1,1,122381.02,1
3653,15654341,Chao,542,France,Male,34,8,101116.06,1,1,0,196395.05,0
2102,15778934,Napolitani,678,Spain,Female,49,8,0.0,2,0,1,98090.69,0
5993,15682955,Capon,758,France,Female,32,2,84378.9,1,1,1,75396.43,0
5972,15786680,Bianchi,805,Spain,Male,37,5,0.0,2,1,0,21928.81,0
9643,15579820,Robertson,704,Spain,Male,38,6,106687.76,1,1,0,173776.5,0
4399,15707007,Onio,743,France,Female,39,8,0.0,1,1,0,94263.44,0
5665,15661723,Abramovich,667,Spain,Male,71,4,137260.78,1,0,1,94433.08,1
1941,15659651,Ross,531,Germany,Female,31,7,117052.82,1,1,0,118508.09,1
2469,15742210,Ugochukwu,700,France,Male,38,9,65962.63,1,1,1,100950.48,0
8354,15753840,Brown,524,Spain,Female,32,6,0.0,1,1,1,132861.9,1
4002,15792064,Pai,545,Germany,Male,53,5,114421.55,1,1,0,180598.28,1
4308,15702499,Schnaars,770,Spain,Male,46,9,190678.02,1,1,1,14725.36,0
8922,15629519,Yen,472,France,Female,37,1,0.0,2,1,1,48357.9,0
8573,15611223,Ko,752,Germany,Female,38,10,101648.5,2,1,0,172001.44,0
3092,15662901,Hu,656,France,Male,37,2,0.0,2,0,1,67840.81,0
3595,15578369,Chiedozie,652,Germany,Female,37,9,145219.3,1,1,0,159132.83,0
3663,15628123,Robinson,632,France,Female,28,5,118890.81,1,0,1,145157.97,0
9461,15581089,Knight,744,Spain,Male,35,7,0.0,2,1,1,43036.6,0
7151,15691150,Ku,699,France,Female,32,4,110559.46,1,1,1,127429.56,0
5451,15580227,Moss,803,France,Male,33,6,0.0,2,1,0,115676.61,0
2776,15782468,Hart,850,Spain,Male,51,3,109799.55,2,1,1,12457.76,1
5586,15656597,Wang,432,Germany,Male,38,2,135559.8,2,1,1,71856.3,0
7905,15783338,Williams,449,Spain,Male,32,0,155619.36,1,1,1,166692.03,0
5432,15582951,Crawford,696,France,Female,25,8,126442.59,1,1,0,121904.44,0
2323,15709928,Niu,567,Spain,Female,41,1,0.0,2,1,0,3414.72,0
8305,15792868,Mickey,675,France,Male,69,1,0.0,2,1,0,157097.09,0
6953,15598838,Greco,659,France,Female,37,1,151105.68,1,1,1,140934.57,0
2183,15724889,Chinweuba,665,Spain,Male,38,9,0.0,1,0,1,87412.74,0
8999,15692577,Tomlinson,674,Germany,Female,38,10,83727.68,1,1,0,45418.12,0
485,15676519,George,615,Spain,Male,61,9,0.0,2,1,0,150227.85,1
9285,15705544,Ma,633,France,Male,61,3,157201.48,1,0,1,50368.63,0
4034,15569079,Hagins,632,Germany,Male,48,6,126066.26,1,1,0,64345.61,1
8925,15808566,Hs?,516,France,Male,46,2,0.0,2,1,1,169122.54,0
43,15687946,Osborne,556,France,Female,61,2,117419.35,1,1,1,94153.83,0
7237,15651460,Hsieh,424,Spain,Male,34,7,0.0,1,1,1,16250.61,0
2394,15657342,Dawson,850,Germany,Male,28,4,147972.19,1,1,0,60708.72,1
5461,15668894,Abramova,661,Germany,Male,41,5,122552.48,2,0,1,120646.4,0
2738,15644724,Fan,472,France,Male,31,4,58662.92,2,0,1,73322.0,0
440,15690134,Hughes,464,Germany,Female,42,3,85679.25,1,1,1,164104.74,0
3140,15736228,Chambers,645,France,Female,40,3,129596.77,1,1,1,103232.6,0
1317,15808689,Morres,850,France,Female,31,4,0.0,2,1,1,33082.81,0
2206,15812982,Francis,509,Spain,Male,38,2,0.0,1,0,0,168460.12,0
66,15789484,Hammond,751,Germany,Female,36,6,169831.46,2,1,1,27758.36,0
6305,15653455,Smith,648,France,Female,38,2,0.0,2,0,1,9551.49,0
6236,15691457,Boyle,674,Spain,Male,36,2,0.0,2,1,1,182787.17,0
7520,15814116,Castiglione,583,France,Female,42,7,0.0,2,1,0,144039.05,0
3728,15768367,Nebechukwu,781,France,Female,27,7,186558.55,1,1,1,175071.29,1
5613,15764072,Somerville,759,France,Female,31,1,109848.6,1,1,1,42012.55,0
2890,15630402,Nebechukwu,594,France,Female,31,9,0.0,1,0,1,5719.11,0
7218,15720353,Chiang,553,France,Male,41,1,0.0,2,1,0,90607.31,0
1992,15570859,Froggatt,626,Germany,Male,36,2,181671.16,2,1,1,57531.14,0
4039,15684461,McKay,469,Spain,Female,31,6,0.0,1,1,0,146213.75,1
3133,15619407,Buckley,615,France,Male,39,4,133707.09,1,1,1,108152.75,0
6593,15645904,Parsons,685,France,Female,33,6,0.0,2,0,1,186785.01,0
7919,15572706,Smith,589,France,Male,37,5,0.0,1,1,0,61324.87,0
573,15622003,Carslaw,745,France,Male,35,9,92566.53,2,1,0,161519.77,0
578,15633922,Gray,755,France,Male,30,4,123217.66,2,0,1,144183.1,0
5466,15794941,Chibueze,647,Germany,Female,41,1,85906.65,3,1,0,189159.97,0
6503,15590286,Fairley,611,France,Female,40,2,125879.29,1,1,0,93203.43,0
2372,15604345,Kemp,730,France,Female,22,9,65763.57,1,1,1,145792.01,0
3272,15708791,Abazu,584,Spain,Male,32,9,85534.83,1,0,0,169137.24,0
6044,15760851,Gratton,629,France,Male,31,6,0.0,2,1,0,93881.75,0
9710,15682839,Genovesi,575,France,Female,57,8,137936.94,1,1,1,84475.13,0
8609,15649060,Chien,727,Germany,Female,31,3,82729.47,2,1,0,60212.51,0
6807,15795586,McDonald,478,France,Male,35,1,92474.05,1,1,0,178626.07,0
8967,15679963,Moretti,737,Germany,Male,43,8,96353.8,1,0,0,10209.8,0
3085,15724402,Tyler,770,France,Female,30,8,0.0,2,1,0,100557.03,0
3195,15673539,Napolitani,690,France,Female,26,3,118097.87,1,1,0,61257.83,0
7487,15593694,Williams,814,France,Male,49,8,0.0,2,0,0,157822.54,0
1079,15633650,Woods,677,Germany,Female,41,8,146720.98,2,1,1,4195.84,0
6637,15792679,Troupe,575,France,Male,24,2,0.0,2,1,1,119927.81,0
4550,15587611,Kauffmann,537,France,Male,59,9,0.0,2,0,0,103799.77,1
9246,15681316,Tai,681,France,Female,41,0,120549.29,2,1,0,175722.31,0
7893,15707025,Fang,648,Spain,Female,31,5,0.0,2,1,1,5199.02,0
5195,15791550,Kelly,696,France,Male,27,4,87637.26,2,0,0,196111.35,0
9727,15662494,Goliwe,773,Spain,Male,43,7,138150.57,1,1,1,177357.16,0
1297,15803365,Coffee,653,Spain,Male,55,2,70263.83,1,0,1,62347.71,0
7832,15635143,Fennescey,749,France,Male,42,2,56726.83,2,0,1,185543.35,0
1479,15630725,Johnson,649,France,Female,45,5,92786.66,1,1,0,173365.9,1
1266,15662291,Davidson,534,France,Female,55,8,116973.26,3,1,0,122066.5,1
8092,15715510,Eluemuno,768,France,Male,29,2,95984.69,2,1,1,73686.75,0
1212,15738174,Ervin,452,France,Female,32,5,0.0,2,0,1,75279.39,0
7021,15786237,Pickworth,651,France,Male,28,7,0.0,2,1,0,823.96,0
8000,15591489,Davison,826,France,Male,26,5,142662.68,1,0,0,60285.3,0
1081,15589195,Bluett,766,Germany,Female,38,7,130933.74,1,0,1,2035.94,0
9153,15611315,Ts'ao,708,Germany,Female,23,4,71433.08,1,1,0,103697.57,0
7358,15570947,Bruny,615,Spain,Female,29,7,143330.56,2,1,1,126396.01,0
4982,15768137,Bray,667,Spain,Female,23,6,136100.69,2,0,0,169669.33,1
56,15760861,Phillipps,619,France,Male,43,1,125211.92,1,1,1,113410.49,0
4810,15662238,Davis,822,France,Male,37,3,105563.0,1,1,0,182624.93,0
6744,15616213,Levy,555,Germany,Female,51,9,138214.5,1,1,0,198715.27,1
3655,15632365,Booth,542,Germany,Male,33,8,142871.27,2,0,0,77737.86,0
2809,15615991,Udegbulam,654,France,Male,42,7,99263.09,1,1,1,67607.9,0
1674,15780835,Liang,652,Germany,Female,26,1,131908.35,1,1,1,179269.79,0
3335,15702300,Walker,671,France,Male,27,5,0.0,2,0,0,120893.07,0
5140,15703728,Chieloka,700,Spain,Male,47,4,0.0,1,1,0,121798.52,1
7498,15645820,Folliero,698,France,Male,27,7,0.0,2,1,0,111471.55,0
6371,15798200,Manna,707,France,Male,35,2,0.0,3,1,1,94148.3,0
2622,15760102,Yeh,551,France,Female,36,5,0.0,1,1,0,183479.12,0
8981,15786433,Aitken,650,Germany,Female,35,3,165982.43,2,1,1,24482.16,0
9719,15704053,T'ang,710,Spain,Male,62,3,131078.42,2,1,0,119348.76,1
6333,15793046,Holden,619,France,Female,35,4,90413.12,1,1,1,20555.21,0
5596,15616431,Chiu,608,France,Male,33,4,0.0,1,0,1,130474.03,0
9880,15669414,Pisano,486,Germany,Male,62,9,118356.89,2,1,0,168034.83,1
1803,15779247,Pai,683,Spain,Female,24,8,98567.1,1,1,0,187987.01,0
936,15675316,Avdeeva,619,France,Female,38,3,0.0,2,0,1,116467.35,0
2025,15633043,Fedorova,545,Spain,Female,39,6,0.0,1,0,0,38410.74,1
5637,15626679,Linger,584,France,Male,33,3,0.0,2,0,1,59103.13,0
4153,15662532,Holmes,757,Germany,Male,31,8,149085.9,2,1,1,197077.36,0
9640,15650924,Foster,761,Spain,Female,32,4,103515.39,2,1,1,177622.38,0
5030,15651272,Reyes,709,France,Male,38,5,0.0,2,1,1,81452.29,0
2174,15649738,White,698,France,Female,46,0,0.0,2,1,1,125962.02,0
7211,15800773,Ikenna,648,Spain,Female,28,9,102282.61,1,1,1,157891.11,0
8834,15760873,Lombardo,594,France,Male,50,7,81310.34,1,1,1,183868.01,0
6085,15619494,Abdulov,562,Germany,Female,31,9,117153.0,1,1,1,108675.01,0
4710,15713505,Harriman,554,France,Male,31,1,0.0,2,0,1,192660.55,0
7342,15815095,Burfitt,850,Spain,Male,54,7,108185.81,2,0,0,24093.4,1
3629,15573319,Azubuike,493,Germany,Female,35,8,178317.6,1,0,0,197428.64,0
875,15674840,Chiazagomekpere,645,France,Female,38,5,101430.3,2,0,1,4400.32,0
9934,15765375,Butusov,797,France,Female,46,8,0.0,1,0,0,162668.33,0
1262,15794870,Sal,744,Germany,Male,38,6,73023.17,2,1,0,78770.86,0
3325,15815420,McDaniels,808,Spain,Male,47,8,139196.0,1,0,1,74028.36,0
4068,15767391,Otutodilinna,565,Germany,Female,32,4,90322.99,2,0,1,118740.37,0
5115,15721460,Lorenzo,678,France,Male,60,8,185648.56,1,0,0,192156.54,1
6364,15593454,Lambert,678,Spain,Female,40,4,113794.22,1,1,0,16618.76,0
3005,15706185,Clements,596,Germany,Male,47,5,140187.1,2,1,1,174311.3,0
2668,15591577,Moran,584,France,Male,35,3,146311.58,1,1,1,105443.47,0
8253,15734737,Bruno,744,France,Male,56,9,0.0,2,1,1,169498.61,0
6212,15793116,Beneventi,502,Germany,Female,40,7,117304.29,1,0,0,196278.32,0
9148,15781326,Ford,636,France,Male,35,9,95478.17,1,0,0,169286.74,0
1406,15612494,Panicucci,359,France,Female,44,6,128747.69,1,1,0,146955.71,1
6782,15714874,Major,850,France,Female,42,3,0.0,2,1,1,176883.42,0
8442,15677136,Okwukwe,624,France,Female,23,5,0.0,2,0,0,132418.59,0
6841,15685826,Hsiung,563,France,Male,30,7,90727.79,1,1,0,122268.75,0
9441,15584156,Siciliani,593,Spain,Male,27,10,0.0,3,0,0,94620.0,1
2085,15668669,Benson,423,France,Female,36,5,97665.61,1,1,0,118372.55,1
8278,15765283,Wenz,624,Germany,Female,40,3,149961.99,2,1,0,104610.86,0
4388,15665460,Isayeva,732,Spain,Female,67,1,0.0,2,1,1,177783.04,0
7700,15622289,Rizzo,605,Spain,Female,36,9,0.0,2,0,1,35521.63,0
5846,15654300,Mao,530,Germany,Male,33,9,75242.28,1,0,1,101694.67,0
9287,15586523,Paten,720,Germany,Female,29,7,106230.92,1,1,1,69903.93,1
8292,15742879,Boni,668,Spain,Male,38,1,147904.31,1,1,1,69370.05,0
8815,15589725,Zubarev,740,France,Female,51,4,0.0,2,1,1,178929.84,0
9857,15687329,Hope,763,Germany,Female,32,1,108465.65,2,1,0,60552.44,1
5860,15652914,Ibrahimov,721,Spain,Male,38,7,0.0,1,0,1,53534.8,0
3841,15662884,Naylor,739,Germany,Male,58,1,110597.76,1,0,1,160122.66,1
775,15789158,Nikitina,636,Germany,Male,49,6,113599.74,2,1,0,158887.09,1
8827,15570194,Ikemefuna,412,France,Male,29,5,0.0,2,0,0,12510.53,0
1009,15569050,Farrell,444,France,Male,45,6,0.0,1,1,0,130009.85,1
2699,15729954,Azuka,586,France,Female,28,5,0.0,3,1,0,170487.4,1
3808,15670562,Pharr,470,France,Male,30,3,101140.76,1,1,1,50906.65,0
3199,15736397,Wang,544,France,Male,23,1,96471.2,1,1,0,35550.97,0
3410,15593736,Cook,598,Germany,Female,46,7,131769.04,1,0,0,184980.23,1
6359,15730418,Lucchesi,652,France,Female,32,2,0.0,2,1,0,54628.11,0
7150,15699340,Okorie,680,France,Male,37,4,0.0,2,1,0,61240.87,0
7277,15653147,Boyle,594,France,Male,35,2,133853.27,1,1,1,65361.66,0
1344,15645778,Reid,670,Spain,Male,42,3,81589.04,1,1,0,188227.8,0
1377,15587233,Donoghue,457,France,Male,41,8,73700.12,3,1,1,185750.02,1
8780,15650322,Grigoryeva,701,France,Female,34,3,105588.66,1,0,1,74694.41,0
6133,15691874,Kazakova,687,France,Female,34,9,125474.44,1,1,0,198929.84,0
854,15745012,Pettit,653,France,Female,43,6,0.0,2,1,1,7330.59,0
7555,15569917,Obijiaku,706,Spain,Male,30,6,87609.68,2,0,0,137674.55,1
3395,15668460,Bellucci,466,France,Male,29,6,0.0,2,1,1,2797.27,0
305,15812191,Brennan,553,France,Male,33,4,118082.89,1,0,0,94440.45,0
151,15650237,Morgan,754,Spain,Female,32,7,0.0,2,1,0,89520.75,0
6136,15624611,Marsden,497,Spain,Male,37,8,128650.11,2,1,1,163641.53,0
7269,15587266,Douglas,606,Germany,Female,27,6,172310.33,1,0,1,111448.92,0
7270,15675926,Ardis,655,Germany,Male,34,7,118028.35,1,1,0,51226.32,1
2105,15719561,Lin,768,France,Male,42,5,0.0,3,0,0,60686.4,0
9872,15736371,Kennedy,633,France,Female,34,3,123034.43,2,1,1,38315.04,0
5197,15670822,Palmer,719,France,Female,22,7,114415.84,1,1,1,177497.4,0
5647,15756272,James,526,Germany,Female,35,9,118536.4,1,1,0,40980.87,1
9111,15727391,Collier,688,Germany,Male,29,9,144553.5,2,1,0,143454.95,0
5261,15731281,Ozuluonye,704,Germany,Female,35,3,154206.07,2,1,1,40261.49,0
2921,15714658,Yates,696,France,Female,33,4,0.0,2,1,1,73371.65,0
3934,15758013,Napolitano,698,France,Male,37,5,98400.61,2,0,0,25017.28,0
5338,15724076,Christie,815,Spain,Female,57,5,0.0,3,0,0,38941.44,1
1677,15658057,Padovesi,812,Spain,Female,44,8,0.0,3,1,0,66926.83,1
5367,15812230,Elliot,670,Germany,Female,42,5,49508.79,3,1,1,100324.01,0
2870,15594084,Anderson,524,France,Male,22,9,0.0,2,1,0,74405.34,0
6339,15784161,Hargreaves,583,Germany,Male,39,8,102945.01,1,0,0,52861.89,0
6202,15753079,Chidi,612,France,Male,41,5,0.0,3,0,0,151256.22,0
6942,15628950,Coates,501,Germany,Male,25,6,104013.79,1,1,0,114774.35,0
1875,15590268,Chu,529,Spain,Male,35,5,95772.97,1,1,1,112781.5,0
5024,15615254,Clark,555,France,Male,40,10,43028.77,1,1,0,170514.21,0
3044,15746422,Muir,636,France,Female,38,1,0.0,1,1,0,45015.38,0
9048,15738662,Daluchi,652,Germany,Male,41,9,159434.03,1,1,0,178373.93,0
739,15661036,Davis,725,France,Male,46,6,0.0,2,1,0,161767.38,0
2768,15747265,Huang,598,Germany,Female,27,10,171283.91,1,1,1,84136.12,0
8420,15775809,Holloway,677,Germany,Female,26,6,98723.67,1,0,1,151146.67,0
3990,15714256,Gerasimov,666,France,Male,30,7,109805.3,1,0,1,163625.56,0
4693,15787848,Chinedum,602,Spain,Male,30,9,113672.18,2,0,0,102135.92,0
4419,15644356,Prokhorova,682,Spain,Female,47,10,134032.01,1,1,0,144290.97,0
4847,15693200,King,752,France,Female,36,7,0.0,2,1,0,184866.86,0
327,15601848,Scott,594,France,Male,35,2,0.0,2,1,0,103480.69,0
3556,15629094,Fomin,528,France,Female,36,1,156948.41,1,1,1,149912.28,1
595,15603925,Greco,779,Spain,Female,26,4,174318.13,2,0,1,38296.21,0
3160,15680587,Esposito,834,France,Male,23,4,131254.81,1,1,0,20199.3,0
7363,15605872,Felix,707,France,Male,73,6,66573.17,1,1,1,62768.8,0
2886,15716024,Dennis,660,Spain,Male,42,5,0.0,2,1,0,115509.59,0
1258,15647402,Wan,628,France,Female,38,3,0.0,2,1,1,48924.73,0
942,15676521,Y?an,696,France,Female,31,8,0.0,2,0,0,191074.11,0
6030,15669011,Bocharova,659,France,Female,44,9,23503.31,1,0,1,169862.01,1
7940,15761717,Ch'ien,720,France,Male,26,10,51962.91,2,1,0,45507.24,0
3889,15576094,Sung,743,France,Male,71,0,0.0,2,0,1,29837.65,0
2511,15607993,Milne,625,France,Female,52,2,79468.96,1,1,1,84606.03,0
5691,15676707,Sidorov,577,Spain,Female,39,4,0.0,2,1,0,91366.42,0
6086,15596992,Norris,482,Germany,Male,45,7,156353.46,1,1,0,72643.95,1
8348,15757759,Okwuoma,807,Spain,Female,28,7,165969.26,3,1,0,156122.13,1
7230,15635244,Ritchie,716,France,Female,29,6,0.0,2,1,1,98998.61,0
1333,15796721,Nnamutaezinwa,778,France,Male,38,3,145018.49,2,1,1,126702.41,0
1693,15809006,Walker,602,France,Male,23,7,113758.48,2,0,0,84077.6,0
444,15732628,Ugoji,745,France,Male,46,2,122220.19,1,1,1,118024.1,0
6753,15605424,Oluchukwu,624,Spain,Male,38,7,123906.55,1,1,0,135096.78,0
9542,15669290,Fan,603,France,Male,38,8,59360.77,1,1,1,191457.06,0
1678,15801767,Yin,784,Spain,Female,40,8,0.0,2,1,0,108891.3,0
4787,15749799,Pisani,577,France,Female,34,2,0.0,2,1,1,84033.35,0
4923,15751203,Cattaneo,702,France,Male,26,5,56738.47,2,1,1,100442.22,1
3384,15665766,T'ang,698,Germany,Male,39,9,133191.19,2,0,1,53289.49,0
9619,15693131,Watts,581,France,Female,24,3,95508.2,1,1,1,45755.0,0
3232,15587177,Lloyd,646,France,Male,36,6,124445.52,1,1,0,88481.32,0
1286,15658532,Nnamutaezinwa,520,Spain,Female,63,5,162278.32,1,1,1,34765.33,0
479,15677538,Nwokike,569,France,Male,38,7,0.0,1,1,1,108469.2,0
5012,15609011,Barry,480,Spain,Male,47,8,75408.33,1,1,0,25887.89,1
2898,15664150,Holland,528,Germany,Female,29,9,170214.23,2,1,0,49284.0,0
2825,15667938,Hurst,628,France,Male,32,9,149136.31,2,1,1,16402.11,0
9257,15758451,Azuka,765,Germany,Male,37,7,102708.77,1,1,0,9087.81,0
587,15722010,Zuyev,621,Spain,Male,53,9,170491.84,1,1,0,35588.07,1
185,15719377,Cocci,804,France,Female,50,4,0.0,1,1,1,8546.87,1
3542,15637169,Maclean,838,Spain,Female,67,4,103267.8,1,1,1,78310.04,0
4814,15723858,Schiavone,517,Spain,Male,39,3,0.0,2,0,1,12465.51,0
9612,15586522,Hunter,608,Spain,Male,37,2,130461.02,1,1,0,21967.15,0
8332,15673084,Galkin,645,Spain,Male,38,1,68079.8,1,0,1,166264.89,0
9293,15677764,Chao,461,Germany,Female,74,1,186445.31,2,1,1,196767.83,0
5524,15625586,Monaldo,717,France,Male,35,4,0.0,1,1,1,167573.06,0
4233,15632977,Hsiao,745,France,Male,47,5,0.0,2,0,0,145789.71,0
9010,15729087,Suttor,751,Germany,Male,54,9,156367.6,2,0,1,116179.92,0
8365,15684395,Enderby,446,Spain,Female,45,10,125191.69,1,1,1,128260.86,1
3754,15578211,Connolly,777,France,Male,23,6,0.0,2,1,1,163225.48,0
2805,15751175,Bess,648,France,Female,44,2,0.0,2,1,1,58652.23,0
412,15760431,Pino,850,France,Male,38,1,0.0,2,1,1,80006.65,0
6764,15754053,Chung,718,France,Female,67,7,0.0,3,1,1,82782.08,0
7886,15632344,Jones,792,France,Female,42,0,99045.93,2,1,0,47160.01,0
4070,15656613,McGregor,646,France,Female,34,3,131283.11,1,0,0,130500.65,0
9746,15603883,Ch'in,818,France,Male,36,4,0.0,2,1,1,8037.03,0
8537,15676576,Stephenson,646,France,Female,43,8,143061.88,1,1,0,61937.6,0
8692,15632439,Pinto,698,France,Female,39,4,0.0,2,0,1,47455.82,0
9581,15778838,Warren,783,France,Male,38,9,114135.17,1,1,0,153269.98,0
4618,15799932,Iweobiegbunam,812,France,Male,24,10,0.0,2,1,1,156906.15,0
1109,15678886,Golubev,679,Germany,Male,38,7,110555.37,2,1,0,46522.68,0
6028,15799494,Forster,850,Germany,Male,44,3,140393.65,2,0,1,186285.52,0
9092,15630195,Johnstone,745,France,Female,40,6,131184.67,1,1,1,49815.62,0
726,15672692,Yin,787,France,Female,42,10,145988.65,2,1,1,79510.37,0
9848,15815097,Root,603,France,Female,34,9,0.0,2,1,0,167916.35,0
7926,15800482,Bradshaw,586,Spain,Female,33,7,0.0,2,1,1,168261.4,0
4636,15761024,Long,619,France,Female,33,2,167733.51,2,1,1,65222.48,0
6573,15574237,Hsueh,588,France,Female,21,8,0.0,2,1,1,110114.19,0
7682,15633608,Black,641,France,Male,33,2,146193.6,2,1,1,55796.83,1
6988,15577170,Manfrin,532,France,Male,60,5,76705.87,2,0,1,13889.73,0
2570,15700657,Thornton,641,Germany,Female,40,2,110086.69,1,1,0,159773.14,0
8534,15768566,K?,706,France,Male,34,8,0.0,2,1,1,37479.97,0
5545,15650864,Power,507,France,Male,42,6,0.0,2,1,0,34777.23,0
1454,15714227,Kelly,672,France,Female,53,7,0.0,1,1,1,136910.18,0
1271,15671322,Chiang,724,Germany,Male,30,7,115315.04,1,1,0,15216.53,0
402,15747795,Pai,593,Germany,Female,38,4,129499.42,1,1,1,154071.27,0
1600,15719309,Stephens,670,France,Female,42,1,115961.58,2,0,1,29483.87,0
1006,15701602,Ayers,521,Germany,Male,52,5,116497.31,3,0,0,53793.1,1
8002,15798053,Nnachetam,707,Spain,Male,32,9,0.0,2,1,0,126475.79,0
3635,15674442,Kung,681,France,Male,23,7,157761.56,1,0,0,147759.84,0
1225,15628298,Johnstone,500,Spain,Female,47,8,128486.11,1,1,0,179227.12,0
4480,15579112,Gibson,598,France,Male,47,2,0.0,2,1,1,186116.54,0
901,15642041,Burns,727,Germany,Male,40,1,93051.64,2,1,0,71865.31,1
9452,15571586,Briggs,524,Spain,Male,29,3,159035.45,1,1,0,2705.31,1
6446,15719170,Sagese,679,France,Female,30,1,112543.42,1,1,1,179435.21,0
2446,15654409,Unwin,665,France,Female,34,5,67816.72,1,1,1,29641.58,0
9829,15574523,Cheng,576,France,Male,39,1,0.0,2,1,1,68814.23,0
1342,15609824,Fedorov,794,France,Female,41,7,176845.41,3,1,0,166526.26,1
1684,15709387,Obiajulu,711,France,Male,52,5,0.0,1,1,1,159808.95,0
8860,15743456,Birnie,715,France,Female,32,10,0.0,2,1,0,60907.49,0
1774,15721303,O'Meara,640,Spain,Male,34,1,137523.02,1,0,0,24761.36,0
9652,15580493,Chin,469,France,Male,33,1,127818.52,1,1,0,163477.22,0
4221,15711314,Kao,589,Spain,Female,45,1,0.0,1,0,0,125939.22,1
4175,15810593,Forbes,568,France,Male,51,4,0.0,3,1,1,66586.56,0
3299,15670587,Yang,558,Germany,Male,25,10,111363.1,2,1,0,197264.35,0
5722,15643671,Chiekwugo,696,Germany,Male,49,5,97036.22,2,1,0,152450.84,1
6080,15739292,Gorshkov,609,Germany,Male,31,9,103837.75,1,1,1,150218.11,0
3664,15602731,Wong,724,France,Male,31,5,0.0,1,1,0,134889.95,1
3292,15635893,T'ien,693,France,Female,28,8,0.0,2,1,1,158545.25,0
